repo,developer,commit,addition,deletion,days_since_last_commit,days_first_to_last_commit,author
clojure/clojure,Rich Hickey,3.5626184621303105,3.592417446369206,3.592417446369206,-1.0885123083578288,2.619796893319728,1
clojure/clojure,Stuart Halloway,0.13733185667288897,0.10775087065133661,0.10775087065133661,-1.0793712913242561,1.1545741965464897,1
clojure/clojure,Tom Faulhaber,0.08708849447549057,-0.3050757067515898,-0.3050757067515898,0.864008930013285,-0.35609128294310227,0
clojure/clojure,Hudson @ build.clojure.org,-0.07456406215961732,-0.2161855120312909,-0.2161855120312909,-1.0848559015443997,0.45942243931794574,0
clojure/clojure,Alex Miller,-0.2252941487518125,-0.15379143304492732,-0.15379143304492732,-1.0848559015443997,0.574871671083817,0
clojure/clojure,Christophe Grand,-0.28427548698354105,-0.2708871703207056,-0.2708871703207056,0.0742250583126098,0.33046319106883426,0
clojure/clojure,Andy Fingerhut,-0.31267390909511406,-0.2734513105530219,-0.2734513105530219,-1.0793712913242561,-0.07729367006168977,0
clojure/clojure,Stuart Sierra,-0.3279653671551918,-0.2734513105530219,-0.2734513105530219,0.04680200721189191,0.28010767508584783,0
clojure/clojure,Chouser,-0.34107233120668706,-0.3102039872162224,-0.3102039872162224,1.3649366634530653,-0.48505053119221375,0
clojure/clojure,Nicola Mometto,-0.36291727129251244,-0.3084945603946782,-0.3084945603946782,-1.0793712913242561,-1.1666922719375175,0
clojure/clojure,fogus,-0.36291727129251244,-0.3110587006269945,-0.3110587006269945,0.09799170259989864,-0.12519281941135976,0
clojure/clojure,Ben Smith-Mannschott,-0.36947075331826007,-0.3170416945023992,-0.3170416945023992,1.1601778819010382,-0.8387673263897768,0
clojure/clojure,Chas Emerick,-0.36947075331826007,-0.306785133573134,-0.306785133573134,0.7744269630842733,-0.08466276996163899,0
clojure/clojure,Alexander Taggart,-0.37820872935259026,-0.3213152615562597,-0.3213152615562597,1.339341815759062,-1.0831758064047596,0
clojure/clojure,Tassilo Horn,-0.37820872935259026,-0.3324265358962971,-0.3324265358962971,0.7744269630842733,-1.2023095881206054,0
