repo,developer,commit,addition,deletion,days_since_last_commit,days_first_to_last_commit,author
facebook/osquery,Teddy Reed,2.0703511192318342,2.011812602426441,2.011812602426441,-0.6302965500852903,0.8524821699135328,0
facebook/osquery,mike@arpaia.co,0.39376663188956135,0.6903278537737788,0.6903278537737788,-0.47935711309118134,0.8524821699135328,0
facebook/osquery,Mike Arpaia,-0.03076301811637198,-0.5223115507388908,-0.5223115507388908,-0.47935711309118134,0.8198735623212118,0
facebook/osquery,Javier Marcos,-0.3783851228313754,-0.4426864332136613,-0.4426864332136613,-0.5025785649364288,0.6307436382857505,0
facebook/osquery,Mitchell Grenier,-0.6275655695739885,-0.5537232943497612,-0.5537232943497612,0.39144733110560137,-0.7388178805917283,0
facebook/osquery,Michael O'Farrell,-0.682939002183458,-0.5770994756415717,-0.5770994756415717,-0.43291420940068626,-1.1366428932180435,0
facebook/osquery,Sean Williams,-0.7444650384162019,-0.6063197022563348,-0.6063197022563348,2.1330562194991667,-1.2801207666242556,0
