repo,developer,commit,addition,deletion,days_since_last_commit,days_first_to_last_commit,author
facebook/osquery,Teddy Reed,0.9631578947368421,0.9715370018975333,0.9715370018975333,0.0,0.8673740053050397,0
facebook/osquery,mike@arpaia.co,0.3894736842105263,0.48116020601789106,0.48116020601789106,0.05439330543933053,0.8673740053050397,0
facebook/osquery,Mike Arpaia,0.24421052631578943,0.031173759826511247,0.031173759826511247,0.05439330543933053,0.8541114058355437,0
facebook/osquery,Javier Marcos,0.12526315789473685,0.060721062618595834,0.060721062618595834,0.04602510460251046,0.7771883289124668,0
facebook/osquery,Mitchell Grenier,0.039999999999999994,0.019517484413120085,0.019517484413120085,0.3682008368200837,0.22015915119363394,0
facebook/osquery,Michael O'Farrell,0.021052631578947368,0.010843046896177823,0.010843046896177823,0.0711297071129707,0.05835543766578249,0
facebook/osquery,Sean Williams,0.0,0.0,0.0,0.99581589958159,0.0,0
